Code,Name
005930,삼성전자
000660,SK하이닉스
005380,현대차
005935,삼성전자우
373220,LG에너지솔루션
207940,삼성바이오로직스
402340,SK스퀘어
012450,한화에어로스페이스
000270,기아
329180,HD현대중공업
034020,두산에너빌리티
105560,KB금융
028260,삼성물산
068270,셀트리온
035420,NAVER
042660,한화오션
055550,신한지주
012330,현대모비스
015760,한국전력
032830,삼성생명
010130,고려아연
267260,HD현대일렉트릭
006400,삼성SDI
086790,하나금융지주
009540,HD한국조선해양
005490,POSCO홀딩스
035720,카카오
010140,삼성중공업
064350,현대로템
006800,미래에셋증권
316140,우리금융지주
000810,삼성화재
086520,에코프로
034730,SK
298040,효성중공업
009150,삼성전기
196170,알테오젠
051910,LG화학
247540,에코프로비엠
138040,메리츠금융지주
003670,포스코퓨처엠
011200,HMM
086280,현대글로비스
033780,KT&G
096770,SK이노베이션
042700,한미반도체
272210,한화시스템
267250,HD현대
024110,기업은행
010120,LS ELECTRIC
066570,LG전자
047810,한국항공우주
352820,하이브
017670,SK텔레콤
0126Z0,삼성에피스홀딩스
030200,KT
277810,레인보우로보틱스
003550,LG
000150,두산
018260,삼성에스디에스
307950,현대오토에버
259960,크래프톤
010950,S-Oil
039490,키움증권
071050,한국금융지주
000720,현대건설
298380,에이비엘바이오
000250,삼천당제약
047050,포스코인터내셔널
323410,카카오뱅크
278470,에이피알
079550,LIG넥스원
005830,DB손해보험
005387,현대차2우B
005940,NH투자증권
326030,SK바이오팜
377300,카카오페이
950160,코오롱티슈진
000100,유한양행
003490,대한항공
003230,삼양식품
007660,이수페타시스
000880,한화
090430,아모레퍼시픽
443060,HD현대마린솔루션
161390,한국타이어앤테크놀로지
016360,삼성증권
180640,한진칼
058470,리노공업
028300,HLB
141080,리가켐바이오
454910,두산로보틱스
032640,LG유플러스
087010,펩트론
064400,LG씨엔에스
029780,삼성카드
006260,LS
001040,CJ
028050,삼성E&A
128940,한미약품
078930,GS
021240,코웨이
005385,현대차우
214370,케어젠
022100,포스코DX
011070,LG이노텍
034220,LG디스플레이
241560,두산밥캣
088980,맥쿼리인프라
267270,HD건설기계
138930,BNK금융지주
001440,대한전선
240810,원익IPS
066970,엘앤에프
175330,JB금융지주
140410,메지온
052690,한전기술
214150,클래시스
036570,엔씨소프트
271560,오리온
009830,한화솔루션
450080,에코프로머티
108490,로보티즈
000990,DB하이텍
082740,한화엔진
214450,파마리서치
251270,넷마블
039030,이오테크닉스
011790,SKC
002380,KCC
062040,산일전기
004020,현대제철
310210,보로노이
051900,LG생활건강
347850,디앤디파마텍
302440,SK바이오사이언스
319400,현대무벡스
111770,영원무역
017800,현대엘리베이터
035250,강원랜드
036460,한국가스공사
403870,HPSP
011780,금호석유화학
263750,펄어비스
031210,서울보증보험
058610,에스피지
011170,롯데케미칼
0009K0,에임드바이오
103140,풍산
018880,한온시스템
145020,휴젤
357780,솔브레인
237690,에스티팜
257720,실리콘투
097950,CJ제일제당
457190,이수스페셜티케미컬
004990,롯데지주
014680,한솔케미칼
030530,원익홀딩스
012750,에스원
004170,신세계
353200,대덕전자
068760,셀트리온제약
088350,한화생명
095340,ISC
204320,HL만도
489790,한화비전
071970,HD현대마린엔진
103590,일진전기
001720,신영증권
012510,더존비즈온
009970,영원무역홀딩스
383220,F&F
008930,한미사이언스
439260,대한조선
226950,올릭스
005290,동진쎄미켐
028670,팬오션
009420,한올바이오파마
001430,세아베스틸지주
026960,동서
035900,JYP Ent.
139130,iM금융지주
004370,농심
000240,한국앤컴퍼니
001450,현대해상
051600,한전KPS
005850,에스엘
139480,이마트
041510,에스엠
081660,미스토홀딩스
030000,제일기획
067310,하나마이크론
023530,롯데쇼핑
160190,하이젠알앤엠
064760,티씨케이
004800,효성
000120,CJ대한통운
084370,유진테크
002790,아모레퍼시픽홀딩스
475830,오름테라퓨틱
003690,코리안리
011210,현대위아
222800,심텍
323280,태성
098460,고영
290650,엘앤씨바이오
097230,HJ중공업
023590,다우기술
083650,비에이치아이
192820,코스맥스
336260,두산퓨얼셀
361610,SK아이이테크놀로지
069960,현대백화점
00680K,미래에셋증권2우B
282330,BGF리테일
018670,SK가스
010060,OCI홀딩스
099320,쎄트렉아이
458870,씨어스테크놀로지
047040,대우건설
445680,큐리옥스바이오시스템즈
065350,신성델타테크
178320,서진시스템
032350,롯데관광개발
462870,시프트업
476830,알지노믹스
483650,달바글로벌
039200,오스코텍
036930,주성엔지니어링
020150,롯데에너지머티리얼즈
140860,파크시스템스
437730,삼현
069620,대웅제약
007070,GS리테일
000155,두산우
006280,녹십자
348370,엔켐
008770,호텔신라
006040,동원산업
101490,에스앤에스텍
466100,클로봇
281740,레이크머티리얼즈
491000,리브스메드
090710,휴림로봇
375500,DL이앤씨
089030,테크윙
395400,SK리츠
017960,한국카본
085660,차바이오텍
073240,금호타이어
112610,씨에스윈드
003570,SNT다이내믹스
082270,젬백스
005070,코스모신소재
085620,미래에셋생명
034230,파라다이스
319660,피에스케이
298020,효성티앤씨
161890,한국콜마
007390,네이처셀
031980,피에스케이홀딩스
006360,GS건설
003380,하림지주
020560,아시아나항공
060370,LS마린솔루션
195940,HK이노엔
007310,오뚜기
388720,유일로보틱스
007810,코리아써키트
035760,CJ ENM
003540,대신증권
293490,카카오게임즈
120110,코오롱인더
032820,우리기술
232140,와이씨
001120,LX인터내셔널
005440,현대지에프홀딩스
397030,에이프릴바이오
007340,DN오토모티브
096530,씨젠
253450,스튜디오드래곤
080220,제주반도체
003090,대웅
095610,테스
000500,가온전선
115180,큐리언트
294870,HDC현대산업개발
204270,제이앤티씨
122870,와이지엔터테인먼트
077970,STX엔진
003530,한화투자증권
001800,오리온홀딩스
347700,스피어
030610,교보증권
218410,RFHIC
161580,필옵틱스
300720,한일시멘트
330590,롯데리츠
005300,롯데칠성
456160,지투지바이오
415640,KB발해인프라
174900,앱클론
000080,하이트진로
137400,피엔티
056080,유진로봇
484870,엠앤씨솔루션
131970,두산테스나
004000,롯데정밀화학
043260,성호전자
166090,하나머티리얼즈
229640,LS에코에너지
183300,코미코
038500,삼표시멘트
078600,대주전자재료
056190,에스에프에이
185750,종근당
012630,HDC
036540,SFA반도체
388210,씨엠티엑스
328130,루닛
051915,LG화학우
249420,일동제약
071320,지역난방공사
006730,서부T&D
000815,삼성화재우
082640,동양생명
001740,SK네트웍스
285130,SK케미칼
280360,롯데웰푸드
124500,아이티센글로벌
089860,롯데렌탈
192080,더블유게임즈
000670,영풍
417200,LS머트리얼즈
100090,SK오션플랜트
365550,ESR켄달스퀘어리츠
137310,에스디바이오센서
195870,해성디에스
009240,한샘
036830,솔브레인홀딩스
241710,코스메카코리아
075580,세진중공업
189300,인텔리안테크
440110,파두
295310,에이치브이엠
298050,HS효성첨단소재
181710,NHN
048410,현대바이오
112040,위메이드
006120,SK디스커버리
499790,GS피앤엘
348340,뉴로메카
078160,메디포스트
003240,태광산업
079160,CJ CGV
030190,NICE평가정보
032190,다우데이타
006650,대한유화
192400,쿠쿠홀딩스
376900,로킷헬스케어
036810,에프에스티
086900,메디톡스
0001A0,덕양에너젠
358570,지아이이노베이션
281820,케이씨텍
213420,덕산네오룩스
082920,비츠로셀
222080,씨아이에스
389470,인벤티지랩
060250,NHN KCP
064960,SNT모티브
100790,미래에셋벤처투자
490470,세미파이브
003160,디아이
486990,노타
348210,넥스틴
102940,코오롱생명과학
00088K,한화3우B
317450,명인제약
042000,카페24
214430,아이쓰리시스템
093370,후성
004490,세방전지
100840,SNT에너지
131290,티에스이
108320,LX세미콘
036530,SNT홀딩스
000210,DL
376300,디어유
003470,유안타증권
066575,LG전자우
052400,코나아이
336570,원텍
014620,성광벤드
468530,프로티나
225570,넥슨게임즈
071055,한국금융지주우
009520,포스코엠텍
121600,나노신소재
451800,한화리츠
009450,경동나비엔
125490,한라캐스트
383310,에코프로에이치엔
060280,큐렉소
476060,온코닉테라퓨틱스
067160,SOOP
086450,동국제약
002020,코오롱
005690,파미셀
033500,동성화인텍
090360,로보스타
069260,TKG휴켐스
251970,펌텍코리아
114090,GKL
365340,성일하이텍
014820,동원시스템즈
007700,F&F홀딩스
399720,가온칩스
003850,보령
002350,넥센타이어
424870,이뮨온시아
488900,비츠로넥스텍
102710,이엔에프테크놀로지
025980,아난티
001270,부국증권
032500,케이엠더블유
214320,이노션
003620,KG모빌리티
248070,솔루엠
079900,전진건설로봇
001680,대상
00104K,CJ4우(전환)
381970,케이카
127120,제이에스링크
025540,한국단자
211050,인카금융서비스
287840,인투셀
272290,이녹스첨단소재
005180,빙그레
001060,JW중외제약
033100,제룡전기
074600,원익QnC
053800,안랩
005250,녹십자홀딩스
039130,하나투어
023160,태광
025320,시노펙스
018290,브이티
000640,동아쏘시오홀딩스
033240,자화전자
293940,신한알파리츠
372320,큐로셀
000370,한화손해보험
057050,현대홈쇼핑
064260,다날
010780,아이에스동서
126340,비나텍
019170,신풍제약
089970,브이엠
0120G0,삼양바이오팜
268280,미원에스씨
041190,우리기술투자
950210,프레스티지바이오파마
420770,기가비스
278280,천보
253590,네오셈
383800,LX홀딩스
008730,율촌화학
094170,동운아나텍
002840,미원상사
475960,토모큐브
006220,제주은행
318060,그래피
376270,HEM파마
478340,나라스페이스테크놀로지
005880,대한해운
093320,케이아이엔엑스
084110,휴온스글로벌
475150,SK이터닉스
001570,금양
058650,세아홀딩스
006380,카프로
095660,네오위즈
015750,성우하이텍
005420,코스모화학
456040,OCI
036620,감성코퍼레이션
460930,현대힘스
042520,한스바이오메드
389650,넥스트바이오메디컬
368770,파이버프로
030520,한글과컴퓨터
215600,신라젠
090460,비에이치
252990,샘씨엔에스
059090,미코
002030,아세아
017940,E1
101730,위메이드맥스
377740,바이오노트
356860,티엘비
003545,대신증권우
044490,태웅
002240,고려제강
079370,제우스
005389,현대차3우B
105630,한세실업
119850,지엔씨에너지
322000,HD현대에너지솔루션
005810,풍산홀딩스
171090,선익시스템
002960,한국쉘석유
093050,LF
004690,삼천리
089010,켐트로닉스
053610,프로텍
049630,재영솔루텍
016610,DB증권
228760,지노믹트리
001500,현대차증권
027360,아주IB투자
450950,아스테라시스
336370,솔루스첨단소재
016380,KG스틸
003030,세아제강지주
455900,엔젤로보틱스
220100,퓨쳐켐
090435,아모레퍼시픽우
014830,유니드
094800,맵스리얼티
045100,한양이엔지
029530,신도리코
199800,툴젠
047920,HLB제약
039440,에스티아이
117730,티로보틱스
041960,코미팜
192650,드림텍
284740,쿠쿠홈시스
494120,큐리오시스
069080,웹젠
052020,에스티큐브
484590,삼양컴텍
025900,동화기업
000400,롯데손해보험
145720,덴티움
053030,바이넥스
170900,동아에스티
050890,쏠리드
083450,GST
097520,엠씨넥스
067630,HLB생명과학
034310,NICE
230360,에코마케팅
394800,쓰리빌리언
453340,현대그린푸드
145990,삼양사
058970,엠로
271940,일진하이솔루스
016800,퍼시스
105840,우진
017810,풀무원
161000,애경케미칼
352480,씨앤씨인터내셔널
200710,에이디테크놀로지
004700,조광피혁
475400,씨메스
099190,아이센스
003300,한일홀딩스
104830,원익머트리얼즈
200670,휴메딕스
122640,예스티
179900,유티아이
026890,스틱인베스트먼트
016590,신대양제지
009900,명신산업
178920,PI첨단소재
009410,태영건설
183190,아세아시멘트
000070,삼양홀딩스
206650,유바이오로직스
031330,에스에이엠티
348950,제이알글로벌리츠
091810,티웨이항공
462350,이노스페이스
298830,슈어소프트테크
006110,삼아알미늄
079940,가비아
215200,메가스터디교육
448730,삼성FN리츠
309710,아이티켐
094480,갤럭시아머니트리
340570,티앤엘
015360,INVENI
357120,코람코라이프인프라리츠
034950,한국기업평가
089890,코세스
389500,에스비비테크
037270,YG PLUS
005610,SPC삼립
194480,데브시스터즈
060720,KH바텍
089590,제주항공
000650,천일고속
078340,컴투스
002710,TCC스틸
041830,인바디
380550,뉴로핏
344820,KCC글라스
114190,강원에너지
130660,한전산업
010170,대한광통신
107640,한중엔시에스
099440,스맥
031430,신세계인터내셔날
029460,케이씨
425420,티에프이
354320,알멕
200130,콜마비앤에이치
046890,서울반도체
0015G0,그린광학
001510,SK증권
020000,한섬
005945,NH투자증권우
101160,월덱스
092200,디아이씨
033640,네패스
060980,HL홀딩스
077360,덕산하이메탈
460860,동국제강
003280,흥아해운
200880,서연이화
144510,지씨셀
314930,바이오다인
065660,안트로젠
072710,농심홀딩스
078130,국일제지
078350,한양디지텍
110990,디아이티
464080,에스오에스랩
041920,메디아나
448900,한국피아이엠
304360,에스바이오메딕스
098070,한텍
403550,쏘카
459510,나우로보틱스
001200,유진투자증권
024850,HLB이노베이션
0007C0,아크릴
481070,에이유브랜즈
101930,인화정공
091700,파트론
001530,DI동일
011500,한농화성
114810,한솔아이원스
001390,KG케미칼
003000,부광약품
101360,에코앤드림
138610,나이벡
317330,덕산테코피아
013030,하이록코리아
128820,대성산업
027410,BGF
094360,칩스앤미디어
138490,코오롱ENP
035890,서희건설
462860,더즌
003800,에이스침대
452260,한화갤러리아
441270,파인엠텍
274090,켄코아에어로스페이스
180400,DXVX
168360,펨트론
095500,미래나노텍
014940,오리엔탈정공
006910,보성파워텍
215000,골프존
011930,신성이엔지
304100,솔트룩스
000157,두산2우B
084010,대한제강
008060,대덕
012210,삼미금속
199430,케이엔알시스템
015860,일진홀딩스
419530,SAMG엔터
004310,현대약품
126560,현대퓨처넷
194370,제이에스코퍼레이션
417310,코람코더원리츠
049070,인탑스
009155,삼성전기우
012030,DB
475560,더본코리아
338840,와이바이오로직스
037460,삼지전자
084690,대상홀딩스
432320,KB스타리츠
272450,진에어
378340,필에너지
033790,피노
034120,SBS
064820,케이프
108860,셀바스AI
003520,영진약품
126720,수산인더스트리
217590,티엠씨
190510,나무가
294570,쿠콘
104700,한국철강
216080,제테마
416180,신성에스티
051500,CJ프레시웨이
156100,엘앤케이바이오
064550,바이오니아
474650,링크솔루션
445090,에이직랜드
306200,세아제강
009470,삼화전기
286940,롯데이노베이트
007690,국도화학
025860,남해화학
035810,이지홀딩스
024720,콜마홀딩스
204620,글로벌텍스프리
018250,애경산업
017860,DS단석
093520,매커스
243070,휴온스
203400,에이비온
136480,하림
200470,에이팩트
482630,삼양엔씨켐
001940,KISCO홀딩스
092870,엑시콘
256840,한국비엔씨
403850,더핑크퐁컴퍼니
003960,사조대림
003120,일성아이에스
950250,테라뷰
472850,폰드그룹
017390,서울가스
092730,네오팜
099430,바이오플러스
451760,컨텍
234340,헥토파이낸셜
009160,SIMPAC
308430,셀비온
394280,오픈엣지테크놀로지
010690,화신
036200,유니셈
035600,KG이니시스
123890,한국자산신탁
006405,삼성SDI우
001820,삼화콘덴서
092230,KPX홀딩스
484810,티엑스알로보틱스
270660,에브리봇
002230,피에스텍
332570,PS일렉트로닉스
002810,삼영무역
036890,진성티이씨
474170,루미르
452430,사피엔반도체
005720,넥센
448280,에코아이
002310,아세아제지
023410,유진기업
265520,AP시스템
236200,슈프리마
005090,SGC에너지
211270,AP위성
012860,모베이스전자
285490,노바텍
033270,유나이티드제약
002320,한진
034830,한국토지신탁
241590,화승엔터프라이즈
393890,더블유씨피
0008Z0,에스엔시스
065680,우주일렉트로
054950,제이브이엠
151860,KG에코솔루션
088260,이리츠코크렙
003200,일신방직
389260,대명에너지
078020,LS증권
206640,바디텍메드
007160,사조산업
009290,광동제약
176750,듀켐바이오
357550,석경에이티
025770,한국정보통신
058820,CMG제약
009680,모토닉
043150,바텍
067080,대화제약
011760,현대코퍼레이션
232680,라온로보틱스
377190,디앤디플랫폼리츠
086390,유니테스트
033530,SJG세종
096760,JW홀딩스
045390,대아티아이
084990,헬릭스미스
334890,이지스밸류플러스리츠
244920,에이플러스에셋
002900,TYM
018310,삼목에스폼
950170,JTC
003920,남양유업
314130,지놈앤컴퍼니
338220,뷰노
327260,RF머트리얼즈
900290,GRT
080580,오킨스전자
496320,본시스템즈
140670,알에스오토메이션
114840,아이패밀리에스씨
006805,미래에셋증권우
255220,SG
078520,에이블씨엔씨
000490,대동
115310,인포바인
051980,중앙첨단소재
402030,코난테크놀로지
092790,넥스틸
900140,엘브이엠씨홀딩스
051370,인터플렉스
053300,한국정보인증
372170,윤성에프앤씨
267980,매일유업
006340,대원전선
000320,노루홀딩스
019210,와이지-원
418550,제이오
034810,해성산업
170920,엘티씨
0030R0,대신밸류리츠
013890,지누스
089980,상아프론테크
042370,비츠로테크
004360,세방
108380,대양전기공업
000680,LS네트웍스
001340,PKC
371950,풍원정밀
182400,엔케이맥스
02826K,삼성물산우B
235980,메드팩토
013120,동원개발
092460,한라IMS
122900,아이마켓코리아
004560,현대비앤지스틸
065710,서호전기
382900,범한퓨얼셀
035150,백산
001460,BYC
144960,뉴파워프라즈마
000430,대원강업
194700,노바렉스
264850,이랜시스
000050,경방
054210,이랜텍
005710,대원산업
136490,선진
121800,비덴트
108670,LX하우시스
484120,도우인시스
300080,플리토
377460,위니아에이드
003220,대원제약
005500,삼진제약
061970,LB세미콘
010580,에스엠벡셀
126600,BGF에코머티리얼즈
035510,신세계 I&C
214180,헥토이노베이션
226320,잇츠한불
007570,일양약품
001750,한양증권
023760,한국캐피탈
322310,오로스테크놀로지
950140,잉글우드랩
007860,서연
037710,광주신세계
033920,무학
254490,미래반도체
115450,HLB테라퓨틱스
126700,하이비젼시스템
061090,세나테크놀로지
001630,종근당홀딩스
043370,피에이치에이
001790,대한제당
473980,노머스
452450,피아이이
028100,동아지질
299030,하나기술
138360,협진
001130,대한제분
079960,동양이엔피
095570,AJ네트웍스
004980,성신양회
361390,제노코
241770,메카로
058430,포스코스틸리온
260870,SK시그넷
101170,우림피티에스
083310,엘오티베큠
389020,자람테크놀로지
067390,아스트
032940,원익
243840,신흥에스이씨
008490,서흥
365270,큐라클
005950,이수화학
036800,나이스정보통신
217270,넵튠
290740,액트로
082800,비보존 제약
456010,아이씨티케이
118990,모트렉스
237880,클리오
488280,에스투더블유
210980,SK디앤디
353810,이지바이오
457550,우진엔텍
030210,다올투자증권
086890,이수앱지스
179290,엠아이텍
293780,압타바이오
084850,아이티엠반도체
323990,박셀바이오
001230,동국홀딩스
017890,한국알콜
018000,유니슨
112290,와이씨켐
051905,LG생활건강우
042420,네오위즈홀딩스
234030,싸이닉솔루션
439090,마녀공장
219130,타이거일렉
007460,에이프로젠
000520,삼일제약
005010,휴스틸
041020,폴라리스오피스
053210,스카이라이프
051360,토비스
033160,엠케이전자
039840,디오
010820,퍼스텍
068930,디지털대성
000540,흥국화재
036030,케이티알파
054450,텔레칩스
094820,일진파워
0015S0,페스카로
073490,이노와이어리스
005680,삼영전자
003350,한국화장품제조
003070,코오롱글로벌
025620,차AI헬스케어
334970,프레스티지바이오로직스
404990,신한서부티엔디리츠
010955,S-Oil우
100120,뷰웍스
487570,HS효성
088800,에이스테크
083930,아바코
461300,아이스크림미디어
102120,어보브반도체
095700,제넥신
117580,대성에너지
000480,CR홀딩스
084680,이월드
0004V0,엔비알모션
080160,모두투어
012200,계양전기
000860,강남제비스코
044450,KSS해운
001045,CJ우
241520,DSC인베스트먼트
356680,엑스게이트
003610,방림
000140,하이트진로홀딩스
199820,제일일렉트릭
001780,알루코
102260,동성케미컬
005430,한국공항
064290,인텍플러스
036560,KZ정밀
330860,네패스아크
339770,교촌에프앤비
405100,큐알티
134380,미원화학
039570,HDC랩스
003547,대신증권2우B
123410,코리아에프티
047560,이스트소프트
003650,미창석유
214420,토니모리
377450,리파인
025000,KPX케미칼
004430,송원산업
298690,에어부산
272110,케이엔제이
476040,오가노이드사이언스
038390,레드캡투어
469610,이노테크
417010,나노팀
123860,아나패스
001080,만호제강
271980,제일약품
001520,동양
215100,로보로보
011690,와이투솔루션
003555,LG우
004380,삼익THK
092070,디엔에프
102460,이연제약
425040,티이엠씨
119610,인터로조
024060,흥구석유
002150,도화엔지니어링
282880,코윈테크
047310,파워로직스
053700,삼보모터스
032620,유비케어
048870,시너지이노베이션
217730,강스템바이오텍
458650,성우
046440,KG모빌리언스
109740,디에스케이
053690,한미글로벌
340450,지씨지놈
290690,소룩스
011785,금호석유화학우
322180,LS티라유텍
234080,JW생명과학
475230,엔알비
251370,와이엠티
226590,엠디바이스
121440,골프존홀딩스
091580,상신이디피
138080,오이솔루션
213500,한솔제지
012610,경인양행
217820,원익피앤이
003720,삼영
060150,인선이엔티
107600,새빗켐
101530,해태제과식품
036190,금화피에스시
119830,아이텍
038290,마크로젠
290550,디케이티
016580,환인제약
182360,큐브엔터
013580,계룡건설
260970,에스앤디
456070,이엔셀
003310,대주산업
009070,KCTC
160980,싸이맥스
143160,아이디스
432720,퀄리타스반도체
067000,조이시티
078150,HB테크놀러지
078070,유비쿼스홀딩스
146320,비씨엔씨
016790,현대사료
015230,대창단조
039860,나노엔텍
267320,나인테크
489460,바이오비쥬
001250,GS글로벌
004710,한솔테크닉스
008970,KBI동양철관
000390,삼화페인트
264450,유비쿼스
092130,이크레더블
272550,삼양패키징
031440,신세계푸드
004090,한국석유
322510,제이엘케이
108230,톱텍
256940,킵스파마
381620,제닉스로보틱스
081000,일진다이아
016880,웅진
097955,CJ제일제당 우
230240,에치에프알
025820,이구산업
489500,엘케이켐
293480,하나제약
360070,탑머티리얼
054540,삼영엠텍
400760,NH올원리츠
014280,금강공업
086820,바이오솔루션
452280,한선엔지니어링
006060,화승인더
158430,아톤
365330,에스와이스틸텍
293580,나우IB
037560,LG헬로비전
101970,우양에이치씨
140610,엔솔바이오사이언스
019010,베뉴지
002100,경농
418420,라온텍
067280,멀티캠퍼스
333430,일승
321370,센서뷰
011000,진원생명과학
217330,싸이토젠
000300,DH오토넥스
380540,옵티코어
187660,현대ADM
023910,대한약품
011040,경동제약
073010,케이에스피
071840,롯데하이마트
305090,마이크로디지탈
464490,쿼드메디슨
085910,네오티스
148150,세경하이테크
042600,새로닉스
001360,삼성제약
123330,제닉
040300,YTN
002170,삼양통상
264660,씨앤지하이테크
008350,남선알미늄
289930,웨이비스
010100,한국무브넥스
263860,지니언스
234690,녹십자웰빙
052330,코텍
321550,티움바이오
336680,탑런토탈솔루션
000020,동화약품
413630,씨피시스템
214680,디알텍
056090,시지메드텍
417840,저스템
220260,켐트로스
462520,조선내화
203650,드림시큐리티
100250,진양홀딩스
104480,티케이케미칼
123690,한국화장품
098120,마이크로컨텍솔
071200,인피니트헬스케어
337930,젝시믹스
096250,와이즈넛
018470,조일알미늄
317400,자이에스앤디
053080,케이엔솔
003460,유화증권
090350,노루페인트
259630,엠플러스
019440,세아특수강
297890,HB솔루션
016450,한세예스24홀딩스
122990,와이솔
066620,국보디자인
036220,오상헬스케어
308080,바이젠셀
357580,아모센스
066410,버킷스튜디오
069510,에스텍
084670,동양고속
046070,코다코
008830,대동기어
107590,미원홀딩스
00279K,아모레퍼시픽홀딩스3우C
054920,한컴위드
388050,지투파워
166480,코아스템켐온
445180,퓨릿
033340,좋은사람들
008110,대동전자
081180,쎄크
009270,신원
085670,뉴프렉스
007330,푸른저축은행
307750,국전약품
297090,씨에스베어링
095190,이엠코리아
250060,모비스
049950,미래컴퍼니
205100,엑셈
025950,동신건설
035080,그래디언트
059270,해성에어로보틱스
136150,원일티엔아이
217950,파마리서치바이오
460850,동국씨엠
002390,한독
071280,로체시스템즈
011560,세보엠이씨
092220,KEC
240550,동방메디컬
023600,삼보판지
310200,애니플러스
229500,노브메타파마
002990,금호건설
122450,KX
086980,쇼박스
080420,모다이노칩
000970,한국주철관
045970,코아시아
143240,사람인
439580,블루엠텍
070960,모나용평
039830,오로라
000700,유수홀딩스
294140,레몬
008040,사조동아원
021080,에이티넘인베스트
246710,티앤알바이오팹
037070,파세코
038460,바이오스마트
003830,대한화섬
493330,지에프아이
104460,디와이피엔에프
382840,원준
013990,아가방컴퍼니
005160,동국산업
298000,효성화학
101330,모베이스
460940,피앤에스로보틱스
331740,아우토크립트
041440,현대에버다임
009580,무림P&P
006620,동구바이오제약
027970,한국제지
263720,디앤씨미디어
004970,신라교역
019680,대교
408920,메쎄이상
086960,MDS테크
094280,효성ITX
017510,세명전기
210540,디와이파워
014950,삼익제약
299170,더블유에스아이
068790,DMS
052710,아모텍
205500,넥써쓰
005990,매일홀딩스
078000,텔코웨어
005800,신영와코루
147830,제룡산업
064850,에프앤가이드
083420,그린케미칼
089470,HDC현대EP
049720,고려신용정보
014710,사조씨푸드
950130,엑세스바이오
417970,모델솔루션
089600,KT나스미디어
003480,한진중공업홀딩스
011280,태림포장
012320,경동인베스트
063080,컴투스홀딩스
083500,에프엔에스테크
350520,이지스레지던스리츠
126730,코칩
074430,아미노로직스
306040,에스제이그룹
063570,NICE인프라
223250,드림씨아이에스
201490,미투온
214390,경보제약
125020,티씨머티리얼즈
039560,다산네트웍스
317830,에스피시스템스
007540,샘표
402490,그린리소스
052420,오성첨단소재
029480,광무
309960,LB인베스트먼트
142210,유니트론텍
131030,옵투스제약
096240,크레버스
004250,NPC
192440,슈피겐코리아
463020,뉴엔AI
009780,엠에스씨
101670,하이드로리튬
248170,샘표식품
016710,대성홀딩스
289080,SV인베스트먼트
063170,서울옥션
015890,태경산업
024090,디씨엠
208370,셀바스헬스케어
036710,심텍홀딩스
003100,선광
016740,두올
059210,메타바이오메드
091120,이엠텍
123040,엠에스오토텍
036420,콘텐트리중앙
053580,웹케시
109610,에스와이
255440,야스
095720,웅진씽크빅
000230,일동홀딩스
084650,랩지노믹스
077500,유니퀘스트
443670,에스피소프트
013570,디와이
079430,현대리바트
136540,윈스테크넷
269620,시스웍
032300,한국파마
035000,HS애드
049430,코메론
251120,바이오에프디엔씨
078140,대봉엘에스
366030,공구우먼
205470,휴마시스
013310,아진산업
072870,메가스터디
475580,에이럭스
432470,케이엔에스
039980,폴라리스AI
038110,에코플라스틱
004080,신흥
424960,스마트레이더시스템
377480,마음AI
054050,농우바이오
212560,네오오토
307180,아이엘
030960,양지사
049960,쎌바이오텍
002620,제일파마홀딩스
106190,하이텍팜
172670,에이엘티
004150,한솔홀딩스
011700,한신기계
120030,조선선재
002200,한국수출포장
461030,아이엠비디엑스
052260,현대바이오랜드
092190,서울바이오시스
021820,세원정공
019180,티에이치엔
267290,경동도시가스
226400,오스테오닉
099750,이지케어텍
002220,한일철강
026150,특수건설
067990,도이치모터스
010660,화천기계
014580,태경비케이
232530,이엠티
048530,인트론바이오
027710,팜스토리
067830,세이브존I&C
044990,에이치엔에스하이텍
03473K,SK우
131370,알서포트
370090,퓨런티어
149950,아바텍
282720,금양그린파워
453450,그리드위즈
044820,코스맥스비티아이
039340,한국경제TV
054800,아이디스홀딩스
388870,파로스아이바이오
015590,DKME
363280,티와이홀딩스
012800,대창
443250,레뷰코퍼레이션
048550,SM C&C
090850,현대이지웰
251630,브이원텍
277880,티에스아이
005960,동부건설
007110,일신석재
278650,HLB바이오스텝
139990,아주스틸
002460,HS화성
069460,대호에이엘
217500,러셀
046120,오르비텍
191420,테고사이언스
004140,동방
396300,세아메카닉스
067900,와이엔텍
006140,피제이전자
105550,엣지파운드리
019550,SBI인베스트먼트
267850,아시아나IDT
066590,우수AMS
246720,아스타
086670,비엠티
396470,워트
068240,다원시스
348150,고바이오랩
005860,한일사료
362320,청담글로벌
051160,지어소프트
017370,우신시스템
0015N0,아로마티카
014530,극동유화
204610,티쓰리
007820,에스엠코어
024880,케이피에프
004960,한신공영
950220,네오이뮨텍
209640,와이제이링크
049520,유아이엘
041590,플래스크
093190,빅솔론
005870,휴니드
078890,가온그룹
020120,키다리스튜디오
013520,화승코퍼레이션
125210,아모그린텍
058850,KTcs
418470,KT밀리의서재
389030,지니너스
018120,진로발효
306620,지아이에스
396270,넥스트칩
086710,선진뷰티사이언스
079810,디이엔티
330350,위더스제약
033290,로젠
093640,케이알엠
063160,종근당바이오
131400,이브이첨단소재
298540,더네이쳐홀딩스
023900,풍국주정
474610,RF시스템즈
004840,DRB동일
389140,포바이포
034590,인천도시가스
017900,광전자
021320,KCC건설
214330,금호에이치티
163730,핑거
115500,케이씨에스
187790,나노
023800,인지컨트롤스
023450,동남합성
101140,인바이오젠
347890,엠투아이
452190,한빛레이저
007210,벽산
073560,우리손에프앤지
311690,CJ 바이오사이언스
024800,유성티엔에스
950190,고스트스튜디오
047820,초록뱀미디어
014160,대영포장
011330,유니켐
036010,아비코전자
065450,빅텍
011810,STX
003580,HLB글로벌
037350,성도이엔지
088130,동아엘텍
411080,샌즈랩
043610,KT지니뮤직
000105,유한양행우
067290,JW신약
047770,코데즈컴바인
187870,디바이스
013360,일성건설
303810,동국생명과학
227840,현대코퍼레이션홀딩스
355150,코스텍시스
413390,엠오티
417500,제이아이테크
214260,라파스
058630,엠게임
117670,알파칩스
066700,테라젠이텍스
001540,안국약품
036580,팜스코
001020,페이퍼코리아
014790,HL D&I
391710,코닉오토메이션
253840,수젠텍
006660,삼성공조
288330,파라택시스코리아
307930,컴퍼니케이
100130,동국S&C
183490,엔지켐생명과학
264900,크라운제과
463480,모티브링크
084730,팅크웨어
017550,수산세보틱스
299900,위지윅스튜디오
290670,대보마그네틱
002450,삼익악기
382150,온코크로스
014970,삼륭물산
071670,에이테크솔루션
068290,삼성출판사
330730,스톤브릿지벤처스
459550,알트
042510,라온시큐어
041930,동아화성
100700,세운메디칼
315640,딥노이드
003060,에이프로젠바이오로직스
038540,상상인
006840,AK홀딩스
175140,휴먼테크놀로지
008700,아남전자
124560,태웅로직스
225530,HC보광산업
064800,포니링크
035610,솔본
225190,LK삼양
032560,황금에스티
119650,KC코트렐
207760,미스터블루
065510,휴비츠
396690,미래에셋글로벌리츠
419050,삼기에너지솔루션즈
009300,삼아제약
382800,지앤비에스 에코
002780,진흥기업
453860,에이에스텍
011150,CJ씨푸드
060570,드림어스컴퍼니
456570,아이엠지티
060590,씨티씨바이오
340930,유일에너테크
357230,에이치피오
105740,디케이락
088390,이녹스
049470,비트플래닛
102370,케이옥션
000440,중앙에너비스
435570,에르코스
008260,NI스틸
040350,크레오에스지
053350,이니텍
066790,씨씨에스
000590,CS홀딩스
058860,KTis
013870,지엠비코리아
448710,코츠테크놀로지
104040,대성파인텍
136410,아셈스
452400,이닉스
163560,동일고무벨트
234300,에스트래픽
206560,덱스터
007980,TP
005740,크라운해태홀딩스
000180,성창기업지주
065170,비엘팜텍
212710,아이에스티이
082850,우리바이오
311320,지오엘리먼트
067570,엔브이에이치코리아
141000,비아트론
093920,서원인텍
149980,하이로닉
002600,조흥
078935,GS우
382480,지아이텍
002700,신일전자
296160,프로젠
069540,빛과전자
002720,국제약품
054670,대한뉴팜
261520,이지스
083790,CG인바이츠
036170,에이치엠넥스
023000,삼원강재
317770,엑스페릭스
170030,현대공업
012700,리드코프
059120,아진엑스텍
004890,동일산업
092040,아미코젠
241690,유니테크노
048910,대원미디어
339950,아이비김영
014440,영보화학
376930,노을
001560,제일연마
352090,스톰테크
079980,휴비스
33626K,두산퓨얼셀1우
058400,KNN
451250,삐아
048430,유라테크
024830,세원물산
120240,대정화금
072020,중앙백신
104200,NHN벅스
480370,씨케이솔루션
408900,스튜디오미르
105330,케이엔더블유
222420,쎄노텍
110790,크리스에프앤씨
061250,화일약품
040420,정상제이엘에스
459100,위츠
004720,팜젠사이언스
265740,엔에프씨
044340,위닉스
348350,위드텍
203690,아크솔루션스
011370,서한
004650,창해에탄올
010960,삼호개발
289220,자이언트스텝
104540,코렌텍
094940,푸른기술
085310,엔케이
299660,셀리드
053450,세코닉스
053280,예스24
039610,화성밸브
134580,탑코미디어
060560,HC홈센타
130580,나이스디앤비
036630,세종텔레콤
027830,대성창투
090470,제이스텍
273640,와이엠텍
041910,폴라리스AI파마
111380,동인기연
004100,태양금속
900250,크리스탈신소재
189980,흥국에프엔비
039020,이건홀딩스
446840,지슨
302550,리메드
226330,신테카바이오
446540,메가터치
216050,인크로스
265560,영화테크
478560,블랙야크아이앤씨
331380,포커스에이아이
228670,레이
027050,코리아나
126880,제이엔케이글로벌
168330,내츄럴엔도텍
173130,오파스넷
290660,네오펙트
096775,SK이노베이션우
419080,엔젯
001275,부국증권우
317870,엔바이오니아
002800,신신제약
111710,남화산업
000850,화천기공
260930,씨티케이
023810,인팩
234100,폴라리스세원
424980,마이크로투나노
033230,인성정보
066430,아이로보틱스
104620,노랑풍선
378800,샤페론
025550,한국선재
091440,한울소재과학
042500,링네트
010040,한국내화
072990,에이치시티
317690,퀀타매트릭스
115440,우리넷
036090,위지트
208140,정다운
006890,태경케미컬
142280,녹십자엠에스
049180,셀루메드
475430,키스트론
123420,위메이드플레이
263800,데이타솔루션
417790,트루엔
036640,HRS
222810,세토피아
228850,레이언스
348080,큐라티스
175250,아이큐어
242040,나무기술
007280,한국특강
163280,에어레인
032850,비트컴퓨터
338100,NH프라임리츠
006490,인스코비
412540,제일엠앤에스
045660,에이텍
009770,삼정펄프
318160,셀바이오휴먼텍
0013V0,삼진식품
020710,시공테크
372910,한컴라이프케어
001470,삼부토건
214270,FSN
222160,NPX
009200,무림페이퍼
041520,이엘씨
001260,남광토건
052220,iMBC
384470,코어라인소프트
019990,에너토크
307870,비투엔
089850,유비벨록스
094850,참좋은여행
204840,지엘팜텍
217190,제너셈
007590,동방아그로
011390,부산산업
153710,옵티팜
054620,APS
099410,동방선기
033320,제이씨현시스템
005750,대림바스
012690,모나리자
263600,덕우전자
033310,엠투엔
006090,사조오양
002795,아모레퍼시픽홀딩스우
032540,TJ미디어
347000,센코
006880,신송홀딩스
262260,에이프로
011320,유니크
014470,부방
199550,레이저옵텍
009180,한솔로지스틱스
215360,우리산업
457370,한켐
294630,서남
187420,HLB제넥스
097800,윈팩
003780,진양산업
054040,한국컴퓨터
001290,상상인증권
451220,아이엠티
037030,파워넷
066310,큐에스아이
365590,하이딥
092780,DYP
036000,예림당
140070,서플러스글로벌
060310,3S
013700,까뮤이앤씨
049550,잉크테크
016250,SGC E&C
046210,HLB파나진
043710,서울리거
024740,한일단조
054300,팬스타엔터프라이즈
351330,이삭엔지니어링
017650,대림제지
024910,경창산업
096350,대창솔루션
004440,삼일씨엔에스
040910,아이씨디
004590,한국가구
002760,보락
159580,제로투세븐
063440,SM Life Design
046940,우원개발
241790,티이엠씨씨엔에스
357880,SKAI
054930,유신
950200,소마젠
347860,알체라
261780,차백신연구소
340360,다보링크
128660,피제이메탈
081150,티플랙스
302430,이노메트리
393210,토마토시스템
004830,덕성
111110,호전실업
900260,로스웰
049480,오픈베이스
388790,라이콤
065500,오리엔트정공
171120,라이온켐텍
052900,KX하이텍
041460,한국전자인증
155650,와이엠씨
033170,시그네틱스
053260,금강철강
018500,동원금속
234920,자이글
246960,SCL사이언스
042940,상지건설
010280,아이티센엔텍
016090,대현
000220,유유제약
137950,제이씨케미칼
031820,아이티센씨티에스
071090,하이스틸
053050,지에스이
120115,코오롱인더우
039240,경남스틸
196300,HLB펩
192250,케이사인
007370,진양제약
129260,인터지스
347740,피엔케이피부임상연구센타
094840,슈프리마에이치큐
004540,깨끗한나라
270520,앱튼
036670,삼양케이씨아이
033130,디지틀조선
162300,신스틸
043650,국순당
159010,아스플로
460870,에스엠씨지
122350,삼기
024900,디와이덕양
369370,블리츠웨이엔터테인먼트
100030,인지소프트
073640,테라사이언스
288620,에스퓨얼셀
032860,더라미
373200,엑스플러스
099220,SDN
109860,동일금속
012790,신일제약
068330,일신바이오
0010V0,제이피아이헬스케어
317850,대모
333620,엔시스
055490,테이팩스
37550L,DL이앤씨2우(전환)
039010,현대에이치티
290720,푸드나무
092440,기신정기
377030,비트맥스
222110,팬젠
010470,오리콤
036120,서울평가정보
393970,대진첨단소재
087260,모바일어플라이언스
001380,SG글로벌
273060,와이즈버즈
317530,캐리소프트
323350,다원넥스뷰
023960,에쓰씨엔지니어링
407400,꿈비
014190,원익큐브
000910,유니온
222040,코스맥스엔비티
053270,구영테크
037950,엘컴텍
352910,오비고
017480,삼현철강
479960,위너스
078590,휴림에이텍
052790,액토즈소프트
378850,화승알앤에이
046310,백금T&A
072770,멤레이비티
180060,탑선
215090,솔디펜스
332370,아이디피
046970,우리로
080010,이상네트웍스
129920,대성하이텍
122690,서진오토모티브
095270,웨이브일렉트로
092300,현우산업
354200,엔젠바이오
241840,에이스토리
038680,에스넷
403490,우듬지팜
200230,텔콘RF제약
100220,비상교육
277070,린드먼아시아
043910,자연과환경
039420,케이엘넷
023440,제이스코홀딩스
067370,선바이오
388610,지에프씨생명과학
303360,프로티아
003010,혜인
127980,화인써키트
066980,한성크린텍
000725,현대건설우
133820,화인베스틸
452160,제이엔비
219420,링크제니시스
128540,에코캡
432430,와이랩
142760,모아라이프플러스
476080,M83
003925,남양유업우
076610,해성옵틱스
064480,브리지텍
364950,에이아이코리아
002630,오리엔트바이오
261200,덴티스
064240,홈캐스트
160550,NEW
019540,일지테크
145170,노브랜드
004060,SG세계물산
037330,인지디스플레
357250,미래에셋맵스리츠
062970,한국첨단소재
065530,와이어블
221800,유투바이오
198440,강동씨앤엘
185490,아이진
047400,유니온머티리얼
317240,TS트릴리온
088340,유라클
004910,조광페인트
311390,네오크레마
000950,전방
082210,옵트론텍
050960,수산아이앤티
294090,이오플로우
155660,DSR
005305,롯데칠성우
100660,서암기계공업
373170,엠아이큐브솔루션
114450,그린생명과학
320000,한울반도체
053980,오상자이엘
040610,SG&G
466410,사이냅소프트
042110,에스씨디
007720,소노스퀘어
001210,금호전기
373160,데이원컴퍼니
004450,삼화왕관
260660,알리코제약
052670,제일바이오
419120,산돌
005670,푸드웰
072470,우리산업홀딩스
218150,미래생명자원
413640,비아이매트릭스
246690,TS인베스트먼트
011300,성안머티리얼스
263690,디알젬
452200,민테크
471820,셀로맥스사이언스
122310,제노레이
078860,스테이지원엔터
075180,새론오토모티브
087600,픽셀플러스
001000,신라섬유
015710,코콤
010240,흥국
002140,고려산업
206400,베노티앤알
045340,토탈소프트
017040,광명전기
017180,명문제약
065130,탑엔지니어링
058730,다스코
037760,쎄니트
001620,케이비아이동국실업
037440,희림
024840,KBI메탈
099520,DGI
021050,서원
033540,파라텍
072130,유엔젤
321820,아티스트컴퍼니
122830,원포유
177900,쓰리에이로직스
199480,뱅크웨어글로벌
28513K,SK케미칼우
245620,EDGC
038070,서린바이오
119500,포메탈
137080,나래나노텍
033830,티비씨
008370,원풍
227950,엔투텍
089790,제이티
041650,상신브레이크
123840,뉴온
314140,알피바이오
173940,에프엔씨엔터
004770,써니전자
025560,미래산업
123700,SJM
067920,이글루
100590,머큐리
308170,씨티알모빌리티
440290,HB인베스트먼트
256630,포인트엔지니어링
263700,케어랩스
004920,씨아이테크
061040,알에프텍
051490,나라엠앤디
014990,인디에프
000890,보해양조
090410,덕신이피씨
352700,씨앤투스
096630,에스코넥
171010,램테크놀러지
186230,그린플러스
126640,화신정공
361570,알비더블유
053620,태양
073570,리튬포어스
066670,디티씨
004780,대륙제관
057680,티사이언티픽
054780,키이스트
038880,아이에이
001550,조비
003080,SB성보
004410,서울식품
481850,신한글로벌액티브리츠
189690,포시에스
048770,TPC
217480,에스디생명공학
024950,삼천리자전거
037230,한국팩키지
002920,유성기업
238120,얼라인드
109960,앱토크롬
007815,코리아써우
237820,플레이디
007530,와이엠
010770,평화홀딩스
066130,하츠
011230,삼화전자
080530,코디
009190,대양금속
044960,이글벳
071950,코아스
007610,선도전기
184230,SGA솔루션즈
036180,지더블유바이텍
069730,DSR제강
004870,티웨이홀딩스
219550,디와이디
013720,THE CUBE&
250000,보라티알
002410,범양건영
097780,에코볼트
025530,SJM홀딩스
011420,갤럭시아에스엠
007680,대원
170790,파이오링크
003475,유안타증권우
088910,동우팜투테이블
032790,엠젠솔루션
286750,나노실리칸첨단소재
069410,엔텔스
052860,아이앤씨
006370,대구백화점
033200,모아텍
464280,티디에스팜
093240,형지엘리트
052460,아이크래프트
105760,포스뱅크
223310,사토시홀딩스
009835,한화솔루션우
198080,캐프
009320,아진전자부품
195990,에이비프로바이오
290090,트윔
056700,신화인터텍
090080,평화산업
191410,육일씨엔에쓰
038010,제일테크노스
006980,우성
096610,알에프세미
363260,모비데이즈
208860,다산디엠씨
021880,메이슨캐피탈
001465,BYC우
200350,아티스트스튜디오
263770,유에스티
025440,DH오토웨어
224110,에이텍모빌리티
060850,영림원소프트랩
109820,진매트릭스
118000,메타케어
037370,EG
450520,인스웨이브
056360,코위버
033560,블루콤
321260,프로이천
300120,라온피플
351870,차이커뮤니케이션
465480,인스피언
376290,씨유테크
079000,와토스코리아
263810,상신전자
109080,옵티시스
146060,율촌
097870,효성오앤비
271830,팸텍
032960,동일기연
023350,한국종합기술
464500,아이언디바이스
359090,씨엔알리서치
307280,원바이오젠
027740,마니커
064090,인크레더블버즈
430690,한싹
039290,인포뱅크
049830,승일
103840,우양
239890,피엔에이치테크
455180,케이지에이
043100,알파AI
012280,영화금속
257990,나우코스
068050,팬엔터테인먼트
190650,코리아에셋투자증권
057540,옴니시스템
006125,SK디스커버리우
357430,마스턴프리미어리츠
417860,오브젠
053950,경남제약
148780,비큐AI
008870,금비
082660,코스나인
336060,웨이버스
143540,영우디에스피
258610,케일럼
420570,제이투케이바이오
089150,케이씨티
196450,코아시아씨엠
462510,라메디텍
025750,한솔홈데코
418250,시큐레터
219750,한국비티비
026040,제이에스티나
37550K,DL이앤씨우
040160,누리플렉스
434480,모니터랩
006740,블루산업개발
220180,핸디소프트
200780,비씨월드제약
002880,대유에이텍
006050,국영지앤엠
008250,이건산업
450330,하스
002290,삼일기업공사
203450,유니온바이오메트릭스
020760,일진디스플
057030,YBM넷
003465,유화증권우
027580,상보
153460,네이블
065950,웰크론
355390,크라우드웍스
464580,닷밀
012160,영흥
291650,압타머사이언스
356890,싸이버원
210120,캔버스엔
335810,프리시젼바이오
469750,아이비젼웍스
036690,코맥스
083550,케이엠
073110,엘엠에스
178780,일월지엠엘
340810,시선AI
051630,진양화학
257370,피엔티엠에스
239340,이스트에이드
150900,파수
024940,PN풍년
049080,기가레인
046390,삼화네트웍스
060900,에이전트AI
072950,빛샘전자
297570,알로이스
376180,피코그램
115610,이미지스
081580,성우전자
444530,심플랫폼
195500,마니커에프앤지
377220,프롬바이오
106240,파인테크닉스
067170,오텍
460470,아이빔테크놀로지
475460,미트박스
019175,신풍제약우
014570,고려제약
065370,위세아이텍
084180,수성웹툰
070300,엑스큐어
342870,오아
270870,뉴트리
025880,케이씨피드
277410,인산가
096690,에이루트
019770,서연탑메탈
145270,케이탑리츠
066900,디에이피
140520,대창스틸
133750,메가엠디
131100,티엔엔터테인먼트
016600,큐캐피탈
109070,주성코퍼레이션
094970,제이엠티
014910,성문전자
256150,한독크린텍
465770,STX그린로지스
332290,누보
239610,에이치엘사이언스
051390,YW
200580,메디쎄이
353590,오토앤
050110,캠시스
438700,버넥트
290120,DH오토리드
101240,씨큐브
114630,폴라리스우노
091590,남화토건
254120,자비스
003535,한화투자증권우
221840,하이즈항공
050860,아세아텍
090370,메타랩스
123570,이엠넷
221980,케이디켐
042040,케이피엠테크
189330,씨이랩
038620,위즈코프
056730,CNT85
066910,손오공
900270,헝셩그룹
452300,캡스톤파트너스
008420,문배철강
038870,에코바이오
019490,엑시큐어하이트론
129890,앱코
263020,디케이앤디
052600,한네트
140430,카티스
134790,시디즈
000760,이화산업
086040,바이오톡스텍
215380,우정바이오
387570,파인메딕스
318410,비비씨
101000,KS인더스트리
301300,바이브컴퍼니
043340,에쎈테크
024120,KB오토시스
229000,젠큐릭스
318020,포인트모바일
049800,우진플라임
337840,유엑스엔
026940,부국철강
075970,동국알앤에스
053160,프리엠스
002360,SH에너지화학
406820,뷰티스킨
250030,진코스텍
147760,피엠티
189860,서전기전
204020,그리티
009810,플레이그램
452980,신한제11호스팩
227420,도부
075130,플랜티넷
000215,DL우
045060,오공
318000,KBG
187270,신화콘텍
065440,이루온
089230,THE E&M
069140,누리플랜
177830,파버나인
021650,한국큐빅
475660,에스켐
005030,부산주공
238090,앤디포스
086060,진바이오텍
340440,세림B&G
089140,넥스턴앤롤코리아
020180,대신정보통신
115160,휴맥스
431190,케이쓰리아이
099390,브레인즈컴퍼니
064520,테크엘
123010,아이윈플러스
192410,오늘이엔엠
397810,애드포러스
291230,엔피
031310,아이즈비전
074610,이엔플러스
208640,썸에이지
398120,에스지헬스케어
017000,신원종합개발
237750,피앤씨테크
462310,뉴키즈온
900340,윙입푸드
115480,씨유메디칼
127710,아시아경제
071850,캐스텍코리아
013810,스페코
066360,체리부로
006920,모헨즈
130500,GH신소재
109670,씨싸이트
303530,이노뎁
032580,피델릭스
290270,휴네시온
263920,휴엠앤씨
262840,아이퀘스트
196490,디에이테크놀로지
052300,오션인더블유
001840,이화공영
284620,카이노스메드
169330,엠브레인
000040,KR모터스
225220,제놀루션
274400,이노시뮬레이션
068940,셀피글로벌
101400,엔시트론
232830,아이티센피엔에스
002870,신풍
900310,컬러레이
298060,에스씨엠생명과학
360350,코셈
35320K,대덕전자1우
085810,알티캐스트
238490,힘스
050120,ES큐브
236810,엔비티
228340,동양파일
440320,오픈놀
193250,링크드
33637K,솔루스첨단소재1우
012620,원일특강
059100,아이컴포넌트
354390,바스칸바이오제약
009730,이렘
462980,아이지넷
389680,유디엠텍
131220,대한과학
019660,글로본
060540,에스에이티
001070,대한방직
005360,모나미
367000,플래티어
351320,넥사다이내믹스
049120,파인디앤씨
080520,오디텍
196700,웹스
024890,대원화성
035200,프럼파스트
083660,CSA 코스믹
363250,진시스템
018680,서울제약
094860,네오리진
900300,오가닉티코스메틱
131760,파인텍
004365,세방우
412350,레이저쎌
372800,아이티아이즈
466910,엔에이치스팩30호
016100,리더스코스메틱
138070,신진에스엠
376980,원티드랩
270210,에스알바이오텍
013000,세우글로벌
005820,원림
043200,파루
153490,우리이앤엘
495810,유비씨
446070,유니드비티플러스
335870,윙스풋
252500,세화피앤씨
279600,미디어젠
446440,에피바이오텍
022220,티케이지애강
008470,부스타
023790,동일스틸럭스
258790,소프트캠프
002025,코오롱우
014130,한익스프레스
033250,체시스
079170,한창산업
222980,한국맥널티
002690,동일제강
006570,대림통상
317120,라닉스
179530,애드바이오텍
018700,바른손
139670,키네마스터
023150,MH에탄올
032750,삼진
038060,루멘스
009140,경인전자
188040,바이오포트
216400,인바이츠바이오코아
045300,성우테크론
148930,에이치와이티씨
290560,신시웨이
208710,포톤
003680,한성기업
048470,대동스틸
038530,케이바이오
383930,디티앤씨알오
006200,한국전자홀딩스
159910,에코글로우
417180,핑거스토리
069920,엑시온그룹
011090,에넥스
088280,쏘닉스
001810,무림SP
060230,제이케이시냅스
333050,모코엠시스
068100,케이웨더
007120,미래아이앤지
053290,NE능률
243870,아이티센코어
002820,SUN&L
010400,우진아이엔에스
080470,성창오토텍
457600,벡트
246250,에스엘에스바이오
451700,엔에이치스팩29호
148250,알엔투테크놀로지
038950,파인디지털
131090,시큐브
095910,에스에너지
009460,한창제지
405920,나라셀라
308100,형지글로벌
090150,아이윈
047080,한빛소프트
162120,루켄테크놀러지스
067010,이씨에스
432980,엠에프씨
002420,세기상사
33626L,두산퓨얼셀2우B
083640,인콘
011080,형지I&C
016670,디모아
112190,KC산업
322780,코퍼스코리아
197140,디지캡
058110,멕아이씨에스
290520,신도기연
004270,남성
45226K,한화갤러리아우
318010,팜스빌
051380,피씨디렉트
227610,아우딘퓨쳐스
031510,오스템
362990,드림인사이트
088290,이원컴포텍
076080,웰크론한텍
377330,이지트로닉스
005320,온타이드
103230,에스앤더블류
288980,모아데이타
198940,한주라이트메탈
035460,기산텔레콤
403360,라피치
060380,동양에스텍
187220,디티앤씨
036480,대성미생물
233990,질경이
034940,조아제약
312610,에이에프더블류
033050,제이엠아이
328380,솔트웨어
214610,롤링스톤
069640,한세엠케이
045510,정원엔시스
434190,탈로스
079650,서산
032680,소프트센
429270,시지트로닉스
131180,딜리
043220,티에스넥스젠
024070,WISCOM
009620,삼보산업
258830,세종메디칼
348030,모비릭스
296640,이노룰스
007770,한일화학
010640,진양폴리
179720,머니무브
331520,밸로프
267790,배럴
023770,플레이위드
093380,풍강
464680,KB제27호스팩
217620,선샤인푸드
091340,S&K폴리텍
418620,E8
030720,동원수산
240600,유진테크놀로지
419540,비스토스
051780,큐로홀딩스
016920,카스
005110,한창
310870,디와이씨
044380,주연테크
070590,한솔인티큐브
276730,한울앤제주
032080,아즈텍WB
021040,대호특수강
303030,지니틱스
002210,동성제약
263050,유틸렉스
278990,EMB
311060,엘에이티
355690,에이텀
373110,엑셀세라퓨틱스
008775,호텔신라우
059180,엔더블유시
054220,비츠로시스
003495,대한항공우
101680,한국정밀기계
285800,진영
208350,지란지교시큐리티
206950,볼빅
130740,티피씨글로벌
309930,조이웍스앤코
143210,핸즈코퍼레이션
084870,TBH글로벌
291810,핀텔
012340,뉴인텍
002070,비비안
353190,휴럼
415380,스튜디오삼익
067730,로지시스
039740,한국정보공학
113810,디젠스
001420,태원물산
900110,이스트아시아홀딩스
123750,알톤
900100,애머릿지
137940,넥스트아이
088790,진도
037400,우리엔터프라이즈
331920,셀레믹스
139050,BF랩스
002355,넥센타이어1우B
226340,본느
015020,이스타코
035620,바른손이앤에이
154030,아시아종묘
238200,비피도
065650,하이퍼코퍼레이션
115570,스타플렉스
039310,세중
276040,스코넥
207490,에이펙스인텍
204630,스튜디오산타클로스
347770,핌스
053060,세동
304840,피플바이오
001685,대상우
192390,윈하이텍
065150,대산F&B
044780,에이치케이
073540,에프알텍
063760,이엘피
018620,우진비앤지
076340,지에이이노더스
032280,삼일
225590,패션플랫폼
00499K,롯데지주우
352940,인바이오
900070,글로벌에스엠
177350,베셀
0115H0,삼성스팩13호
019685,대교우B
199730,바이오인프라
247660,나노씨엠에스
008600,윌비스
289010,아이스크림에듀
224060,더코디
424760,벨로크
110020,전진바이오팜
025870,신라에스지
044480,빌리언스
091970,나노캠텍
043360,디지아이
001770,SHD
054940,엑사이엔씨
080720,한국유니온제약
176590,코나솔
230980,비유테크놀러지
215790,이노인스트루먼트
002680,한탑
405000,플라즈맵
045520,크린앤사이언스
365900,브이씨
028080,휴맥스홀딩스
336040,타스컴
084440,유비온
017250,인터엠
102950,아하
154040,다산솔루에타
115530,씨엔플러스
121890,에스디시스템
098660,에스티오
351020,미쥬
050760,에스폴리텍
005257,녹십자홀딩스2우
344860,이노진
025890,한국주강
18064K,한진칼우
054410,케이피티유
361670,삼영에스앤씨
096870,엘디티
012170,아센디오
054090,삼진엘앤디
014100,메디앙스
134060,이퓨쳐
065690,파커스
191600,블루탑
052960,태양3C
009310,참엔지니어링
215480,토박스코리아
317860,노드메이슨
322970,무진메디
403810,아이엘로보틱스
015260,에이엔피
008500,일정실업
222670,플럼라인생명과학
083470,이엠앤아이
327610,펨토바이오메드
032980,바이온
233250,메디안디노스틱
032800,판타지오
067770,세진티에스
073190,듀오백
065060,지엔코
331660,한국미라클피플사
217880,틸론
008290,원풍물산
368600,아이씨에이치
009440,KC그린홀딩스
106080,케이이엠텍
254160,제이엠멀티
145210,다이나믹디자인
020400,대동금속
341170,퓨쳐메디신
368970,오에스피
060480,국일신동
169670,코스텍시스템
043590,웰킵스하이텍
079950,인베니아
079190,케스피온
477380,미래에셋비전스팩4호
086220,광동헬스바이오
048830,엔피케이
108675,LX하우시스우
019570,플루토스
241820,피씨엘
275630,에스에스알
238170,엔에스엠
482680,미래에셋비전스팩7호
379390,이성씨엔아이
313760,캐리
005725,넥센우
476710,타조이엔터테인먼트
065420,에스아이리소스
204210,스타에스엠리츠
000087,하이트진로2우B
106520,노블엠앤비
050090,비케이홀딩스
0072Z0,KB제33호스팩
001795,대한제당우
026910,광진실업
035290,골드앤에스
457630,대신밸런스제16호스팩
0101C0,하나36호스팩
900120,씨엑스아이
092600,앤씨앤
469880,하나30호스팩
069330,유아이디
030350,드래곤플라이
477340,에이치엠씨제7호스팩
0044K0,삼성스팩10호
065770,CS
368030,창대정밀
227100,프로브잇
058450,한주에이알티
302920,더콘텐츠온
152550,한국ANKOR유전
060260,뉴보텍
473050,유안타제15호스팩
027040,서울전자통신
250930,예선테크
188260,세니젠
478440,미래에셋비전스팩6호
208850,이비테크
479880,한국제15호스팩
140910,에이리츠
225430,케이엠제약
0099W0,미래에셋비전스팩11호
489480,키움제11호스팩
145995,삼양사우
352770,셀레스트라
33637L,솔루스첨단소재2우B
244460,올리패스
0096B0,삼성스팩12호
149010,아이케이세미콘
481890,엔에이치스팩31호
471050,대신밸런스제17호스팩
0097F0,미래에셋비전스팩10호
489730,디비금융제13호스팩
478390,KB제29호스팩
0099X0,IBKS제25호스팩
477760,DB금융스팩12호
0037T0,KB제32호스팩
482520,교보16호스팩
0093G0,미래에셋비전스팩8호
054180,메디콕스
0054V0,엔에이치스팩32호
004255,NPC우
492220,KB제31호스팩
38380K,LX홀딩스1우
084695,대상홀딩스우
052770,아이톡시
001067,JW중외제약2우B
0091W0,신영스팩11호
065570,삼영이엔씨
199150,데이터스트림즈
0088D0,메리츠제1호스팩
482690,대신밸런스제19호스팩
0041L0,하나35호스팩
456190,큐라켐
473370,비엔케이제2호스팩
477470,미래에셋비전스팩5호
0071M0,삼성스팩11호
224760,엔에스컴퍼니
474660,신한제12호스팩
469900,하나31호스팩
487360,신한제14호스팩
00781K,코리아써키트2우B
060240,스타코링크
289170,바이오텐
454640,하나29호스팩
496070,신한제16호스팩
03481K,해성산업1우
0105P0,유진스팩12호
474490,유안타제16호스팩
489210,교보17호스팩
444920,유안타제11호스팩
00806K,대덕1우
0096D0,미래에셋비전스팩9호
0098T0,교보19호스팩
004105,태양금속우
486630,KB제30호스팩
452670,상상인제4호스팩
031860,디에이치엑스컴퍼니
0004Y0,디비금융제14호스팩
455310,한화플러스제4호스팩
493790,유안타제17호스팩
455910,에스케이증권제9호스팩
003075,코오롱글로벌우
000225,유유제약1우
0041B0,교보18호스팩
472220,신영스팩10호
466690,키움히어로제1호스팩
244880,나눔테크
478110,이베스트스팩6호
121850,코이즈
253610,루트락
498390,한화플러스제5호스팩
238500,로보쓰리에이아이
001515,SK증권우
178600,대동고려삼
001755,한양증권우
488060,유진스팩11호
450940,유안타제14호스팩
469480,IBKS제24호스팩
114920,대주이엔티
001065,JW중외제약우
004835,덕성우
467930,IBKS제23호스팩
484130,하나34호스팩
006345,대원전선우
224810,엄지하우스
462020,에이치엠씨제6호스팩
299480,지앤이헬스케어
473950,에스케이증권제13호스팩
318660,타임기술
464440,한국제13호스팩
487830,신한제15호스팩
487720,키움제10호스팩
468760,유진스팩10호
456490,교보14호스팩
044180,KD
465320,교보15호스팩
458610,한국제12호스팩
0068Y0,비엔케이제3호스팩
472230,에스케이증권제11호스팩
012205,계양전기우
251280,안지오랩
202960,판도라티비
185190,수프로
0041J0,엘에스스팩1호
004985,성신양회우
390110,애니메디솔루션
447690,아이오바이오
346010,타이드
475250,하나33호스팩
189350,코셋
079970,투비소프트
215570,크로넥스
474930,신한제13호스팩
000325,노루홀딩스우
212310,오건에코텍
26490K,크라운제과우
457940,에스케이증권제10호스팩
473000,에스케이증권제12호스팩
475240,하나32호스팩
236340,메디젠휴먼케어
199290,바이오프로테크
234070,에이원알폼
093510,엔지브이아이
266470,바이오인프라생명과학
311960,인터로이드
332190,오션스바이오
448780,마이크로엔엑스
007575,일양약품우
276240,엘리비젼
267080,세븐브로이맥주
090355,노루페인트우
000145,하이트진로홀딩스우
066830,제노텍
101390,아이엠
092590,럭스피아
000545,흥국화재우
136660,큐엠씨
36328K,티와이홀딩스우
266350,팡스카이
217910,에스제이켐
014285,금강공업우
008355,남선알미우
103660,씨앗
009415,태영건설우
043090,더테크놀로지
005745,크라운해태홀딩스우
002995,금호건설우
402420,켈스
258050,테크트랜스
208890,미래엔에듀파트너
014825,동원시스템즈우
116100,태양기계
341310,이앤에치
005965,동부건설우
004545,깨끗한나라우
121060,유니포인트
296520,가이아코퍼레이션
000227,유유제약2우B
236030,씨알푸드
140660,위월드
245450,씨앤에스링크
011155,CJ씨푸드1우
002785,진흥기업우B
001525,동양우
014915,성문전자우
001527,동양2우B
004415,서울식품우
002787,진흥기업2우B
032685,소프트센우
021045,대호특수강우
217320,썬테크
413300,티엘엔지니어링
223220,로지스몬
266170,레드우즈
149300,아퓨어스
279060,이노벡스
288490,나라소프트
